time,level_m
2026-09-24 18:00:00+00:00,2.224
2026-09-24 18:15:00+00:00,2.226
2026-09-24 18:30:00+00:00,2.225
2026-09-24 18:45:00+00:00,2.225
2026-09-24 19:00:00+00:00,2.226
2026-09-24 19:15:00+00:00,2.226
2026-09-24 19:30:00+00:00,2.222
2026-09-24 19:45:00+00:00,2.224
2026-09-24 20:00:00+00:00,2.227
2026-09-24 20:15:00+00:00,2.227
2026-09-24 20:30:00+00:00,2.802
2026-09-24 20:45:00+00:00,3.354
2026-09-24 21:00:00+00:00,3.772
2026-09-24 21:15:00+00:00,4.057
2026-09-24 21:30:00+00:00,4.27
2026-09-24 21:45:00+00:00,4.417
2026-09-24 22:00:00+00:00,4.463
2026-09-24 22:15:00+00:00,4.366
2026-09-24 22:30:00+00:00,4.193
2026-09-24 22:45:00+00:00,4.015
2026-09-24 23:00:00+00:00,3.817
2026-09-24 23:15:00+00:00,3.618
2026-09-24 23:30:00+00:00,3.42
2026-09-24 23:45:00+00:00,3.197
2026-09-25 00:00:00+00:00,2.911
2026-09-25 00:15:00+00:00,2.604
2026-09-25 00:30:00+00:00,2.311
2026-09-25 00:45:00+00:00,2.228
2026-09-25 01:00:00+00:00,2.23
2026-09-25 01:15:00+00:00,2.229
2026-09-25 01:30:00+00:00,2.23
2026-09-25 01:45:00+00:00,2.227
2026-09-25 02:00:00+00:00,2.23
2026-09-25 02:15:00+00:00,2.227
2026-09-25 02:30:00+00:00,2.229
2026-09-25 02:45:00+00:00,2.23
2026-09-25 03:00:00+00:00,2.229
2026-09-25 03:15:00+00:00,2.228
2026-09-25 03:30:00+00:00,2.23
2026-09-25 03:45:00+00:00,2.229
2026-09-25 04:00:00+00:00,2.23
2026-09-25 04:15:00+00:00,2.228
2026-09-25 04:30:00+00:00,2.227
2026-09-25 04:45:00+00:00,2.227
2026-09-25 05:00:00+00:00,2.23
2026-09-25 05:15:00+00:00,2.23
2026-09-25 05:30:00+00:00,2.229
2026-09-25 05:45:00+00:00,2.23
2026-09-25 06:00:00+00:00,2.229
2026-09-25 06:15:00+00:00,2.227
2026-09-25 06:30:00+00:00,2.227
2026-09-25 06:45:00+00:00,2.228
2026-09-25 07:00:00+00:00,2.226
2026-09-25 07:15:00+00:00,2.233
2026-09-25 07:30:00+00:00,2.232
2026-09-25 07:45:00+00:00,2.231
2026-09-25 08:00:00+00:00,2.234
2026-09-25 08:15:00+00:00,2.235
2026-09-25 08:30:00+00:00,2.235
2026-09-25 08:45:00+00:00,2.235
2026-09-25 09:00:00+00:00,2.501
2026-09-25 09:15:00+00:00,3.161
2026-09-25 09:30:00+00:00,3.553
2026-09-25 09:45:00+00:00,3.876
2026-09-25 10:00:00+00:00,4.09
2026-09-25 10:15:00+00:00,4.246
2026-09-25 10:30:00+00:00,4.26
2026-09-25 10:45:00+00:00,4.082
2026-09-25 11:00:00+00:00,3.82
2026-09-25 11:15:00+00:00,3.597
2026-09-25 11:30:00+00:00,3.45
2026-09-25 11:45:00+00:00,3.305
2026-09-25 12:00:00+00:00,3.105
2026-09-25 12:15:00+00:00,2.847
2026-09-25 12:30:00+00:00,2.582
2026-09-25 12:45:00+00:00,2.29
2026-09-25 13:00:00+00:00,2.233
2026-09-25 13:15:00+00:00,2.227
2026-09-25 13:30:00+00:00,2.233
2026-09-25 13:45:00+00:00,2.232
2026-09-25 14:00:00+00:00,2.234
2026-09-25 14:15:00+00:00,2.234
2026-09-25 14:30:00+00:00,2.229
2026-09-25 14:45:00+00:00,2.233
2026-09-25 15:00:00+00:00,2.233
2026-09-25 15:15:00+00:00,2.233
2026-09-25 15:30:00+00:00,2.234
2026-09-25 15:45:00+00:00,2.232
2026-09-25 16:00:00+00:00,2.233
2026-09-25 16:15:00+00:00,2.231
2026-09-25 16:30:00+00:00,2.231
2026-09-25 16:45:00+00:00,2.232
2026-09-25 17:00:00+00:00,2.234
2026-09-25 17:15:00+00:00,2.233
2026-09-25 17:30:00+00:00,2.235
2026-09-25 17:45:00+00:00,2.23
2026-09-25 18:00:00+00:00,2.233
2026-09-25 18:15:00+00:00,2.232
2026-09-25 18:30:00+00:00,2.231
2026-09-25 18:45:00+00:00,2.232
2026-09-25 19:00:00+00:00,2.231
2026-09-25 19:15:00+00:00,2.23
2026-09-25 19:30:00+00:00,2.232
2026-09-25 19:45:00+00:00,2.233
2026-09-25 20:00:00+00:00,2.233
2026-09-25 20:15:00+00:00,2.232
2026-09-25 20:30:00+00:00,2.232
2026-09-25 20:45:00+00:00,2.23
2026-09-25 21:00:00+00:00,2.693
2026-09-25 21:15:00+00:00,3.487
2026-09-25 21:30:00+00:00,4.038
2026-09-25 21:45:00+00:00,4.418
2026-09-25 22:00:00+00:00,4.612
2026-09-25 22:15:00+00:00,4.762
2026-09-25 22:30:00+00:00,4.861
2026-09-25 22:45:00+00:00,4.834
2026-09-25 23:00:00+00:00,4.704
2026-09-25 23:15:00+00:00,4.521
2026-09-25 23:30:00+00:00,4.32
2026-09-25 23:45:00+00:00,4.097
2026-09-26 00:00:00+00:00,3.854
2026-09-26 00:15:00+00:00,3.565
2026-09-26 00:30:00+00:00,3.216
2026-09-26 00:45:00+00:00,2.849
2026-09-26 01:00:00+00:00,2.509
2026-09-26 01:15:00+00:00,2.233
2026-09-26 01:30:00+00:00,2.234
2026-09-26 01:45:00+00:00,2.231
2026-09-26 02:00:00+00:00,2.23
2026-09-26 02:15:00+00:00,2.227
2026-09-26 02:30:00+00:00,2.226
2026-09-26 02:45:00+00:00,2.227
2026-09-26 03:00:00+00:00,2.23
2026-09-26 03:15:00+00:00,2.229
2026-09-26 03:30:00+00:00,2.23
2026-09-26 03:45:00+00:00,2.228
2026-09-26 04:00:00+00:00,2.23
2026-09-26 04:15:00+00:00,2.235
2026-09-26 04:30:00+00:00,2.232
2026-09-26 04:45:00+00:00,2.23
2026-09-26 05:00:00+00:00,2.229
2026-09-26 05:15:00+00:00,2.23
2026-09-26 05:30:00+00:00,2.231
2026-09-26 05:45:00+00:00,2.232
2026-09-26 06:00:00+00:00,2.229
2026-09-26 06:15:00+00:00,2.233
2026-09-26 06:30:00+00:00,2.233
2026-09-26 06:45:00+00:00,2.23
2026-09-26 07:00:00+00:00,2.232
2026-09-26 07:15:00+00:00,2.23
2026-09-26 07:30:00+00:00,2.232
2026-09-26 07:45:00+00:00,2.232
2026-09-26 08:00:00+00:00,2.232
2026-09-26 08:15:00+00:00,2.23
2026-09-26 08:30:00+00:00,2.233
2026-09-26 08:45:00+00:00,2.229
2026-09-26 09:00:00+00:00,2.234
2026-09-26 09:15:00+00:00,2.232
2026-09-26 09:30:00+00:00,3.084
2026-09-26 09:45:00+00:00,3.72
2026-09-26 10:00:00+00:00,4.241
2026-09-26 10:15:00+00:00,4.486
2026-09-26 10:30:00+00:00,4.649
2026-09-26 10:45:00+00:00,4.732
2026-09-26 11:00:00+00:00,4.732
2026-09-26 11:15:00+00:00,4.608
2026-09-26 11:30:00+00:00,4.426
2026-09-26 11:45:00+00:00,4.252
2026-09-26 12:00:00+00:00,4.062
2026-09-26 12:15:00+00:00,3.863
2026-09-26 12:30:00+00:00,3.615
2026-09-26 12:45:00+00:00,3.309
2026-09-26 13:00:00+00:00,2.937
2026-09-26 13:15:00+00:00,2.577
2026-09-26 13:30:00+00:00,2.245
2026-09-26 13:45:00+00:00,2.23
2026-09-26 14:00:00+00:00,2.227
2026-09-26 14:15:00+00:00,2.231
2026-09-26 14:30:00+00:00,2.227
2026-09-26 14:45:00+00:00,2.228
2026-09-26 15:00:00+00:00,2.227
2026-09-26 15:15:00+00:00,2.23
2026-09-26 15:30:00+00:00,2.23
2026-09-26 15:45:00+00:00,2.227
2026-09-26 16:00:00+00:00,2.232
2026-09-26 16:15:00+00:00,2.229
2026-09-26 16:30:00+00:00,2.227
2026-09-26 16:45:00+00:00,2.227
2026-09-26 17:00:00+00:00,2.229
2026-09-26 17:15:00+00:00,2.227
2026-09-26 17:30:00+00:00,2.228
2026-09-26 17:45:00+00:00,2.228
2026-09-26 18:00:00+00:00,2.229
2026-09-26 18:15:00+00:00,2.227
2026-09-26 18:30:00+00:00,2.229
2026-09-26 18:45:00+00:00,2.227
2026-09-26 19:00:00+00:00,2.232
2026-09-26 19:15:00+00:00,2.226
2026-09-26 19:30:00+00:00,2.23
2026-09-26 19:45:00+00:00,2.229
2026-09-26 20:00:00+00:00,2.229
2026-09-26 20:15:00+00:00,2.228
2026-09-26 20:30:00+00:00,2.232
2026-09-26 20:45:00+00:00,2.231
2026-09-26 21:00:00+00:00,2.228
2026-09-26 21:15:00+00:00,2.227
2026-09-26 21:30:00+00:00,2.862
2026-09-26 21:45:00+00:00,3.748
2026-09-26 22:00:00+00:00,4.372
2026-09-26 22:15:00+00:00,4.72
2026-09-26 22:30:00+00:00,4.913
2026-09-26 22:45:00+00:00,5.04
2026-09-26 23:00:00+00:00,5.108
2026-09-26 23:15:00+00:00,5.085
2026-09-26 23:30:00+00:00,5.052
2026-09-26 23:45:00+00:00,5.011
2026-09-27 00:00:00+00:00,4.867
2026-09-27 00:15:00+00:00,4.574
2026-09-27 00:30:00+00:00,4.174
2026-09-27 00:45:00+00:00,3.749
2026-09-27 01:00:00+00:00,3.377
2026-09-27 01:15:00+00:00,3.033
2026-09-27 01:30:00+00:00,2.671
2026-09-27 01:45:00+00:00,2.32
2026-09-27 02:00:00+00:00,2.228
2026-09-27 02:15:00+00:00,2.227
2026-09-27 02:30:00+00:00,2.23
2026-09-27 02:45:00+00:00,2.227
2026-09-27 03:00:00+00:00,2.226
2026-09-27 03:15:00+00:00,2.222
2026-09-27 03:30:00+00:00,2.221
2026-09-27 03:45:00+00:00,2.228
2026-09-27 04:00:00+00:00,2.228
2026-09-27 04:15:00+00:00,2.231
2026-09-27 04:30:00+00:00,2.229
2026-09-27 04:45:00+00:00,2.223
2026-09-27 05:00:00+00:00,2.227
2026-09-27 05:15:00+00:00,2.23
2026-09-27 05:30:00+00:00,2.228
2026-09-27 05:45:00+00:00,2.231
2026-09-27 06:00:00+00:00,2.229
2026-09-27 06:15:00+00:00,2.227
2026-09-27 06:30:00+00:00,2.228
2026-09-27 06:45:00+00:00,2.227
2026-09-27 07:00:00+00:00,2.227
2026-09-27 07:15:00+00:00,2.229
2026-09-27 07:30:00+00:00,2.227
2026-09-27 07:45:00+00:00,2.226
2026-09-27 08:00:00+00:00,2.227
2026-09-27 08:15:00+00:00,2.231
2026-09-27 08:30:00+00:00,2.227
2026-09-27 08:45:00+00:00,2.229
2026-09-27 09:00:00+00:00,2.228
2026-09-27 09:15:00+00:00,2.229
2026-09-27 09:30:00+00:00,2.228
2026-09-27 09:45:00+00:00,2.296
2026-09-27 10:00:00+00:00,3.358
2026-09-27 10:15:00+00:00,4.017
2026-09-27 10:30:00+00:00,4.594
2026-09-27 10:45:00+00:00,4.818
2026-09-27 11:00:00+00:00,4.994
2026-09-27 11:15:00+00:00,5.101
2026-09-27 11:30:00+00:00,5.125
2026-09-27 11:45:00+00:00,5.096
2026-09-27 12:00:00+00:00,5.049
2026-09-27 12:15:00+00:00,4.99
2026-09-27 12:30:00+00:00,4.798
2026-09-27 12:45:00+00:00,4.485
2026-09-27 13:00:00+00:00,4.121
2026-09-27 13:15:00+00:00,3.76
2026-09-27 13:30:00+00:00,3.391
2026-09-27 13:45:00+00:00,3.073
2026-09-27 14:00:00+00:00,2.759
2026-09-27 14:15:00+00:00,2.432
2026-09-27 14:30:00+00:00,2.225
2026-09-27 14:45:00+00:00,2.223
2026-09-27 15:00:00+00:00,2.227
2026-09-27 15:15:00+00:00,2.222
2026-09-27 15:30:00+00:00,2.223
2026-09-27 15:45:00+00:00,2.223
2026-09-27 16:00:00+00:00,2.227
2026-09-27 16:15:00+00:00,2.227
2026-09-27 16:30:00+00:00,2.231
2026-09-27 16:45:00+00:00,2.226
2026-09-27 17:00:00+00:00,2.225
2026-09-27 17:15:00+00:00,2.227
2026-09-27 17:30:00+00:00,2.226
2026-09-27 17:45:00+00:00,2.228
2026-09-27 18:00:00+00:00,2.225
2026-09-27 18:15:00+00:00,2.226
2026-09-27 18:30:00+00:00,2.223
2026-09-27 18:45:00+00:00,2.225
2026-09-27 19:00:00+00:00,2.223
2026-09-27 19:15:00+00:00,2.227
2026-09-27 19:30:00+00:00,2.23
2026-09-27 19:45:00+00:00,2.231
2026-09-27 20:00:00+00:00,2.227
2026-09-27 20:15:00+00:00,2.231
2026-09-27 20:30:00+00:00,2.233
2026-09-27 20:45:00+00:00,2.233
2026-09-27 21:00:00+00:00,2.23
2026-09-27 21:15:00+00:00,2.234
2026-09-27 21:30:00+00:00,2.232
2026-09-27 21:45:00+00:00,2.232
2026-09-27 22:00:00+00:00,2.68
2026-09-27 22:15:00+00:00,3.762
2026-09-27 22:30:00+00:00,4.509
2026-09-27 22:45:00+00:00,4.927
2026-09-27 23:00:00+00:00,5.101
2026-09-27 23:15:00+00:00,5.223
2026-09-27 23:30:00+00:00,5.286
2026-09-27 23:45:00+00:00,5.325
2026-09-28 00:00:00+00:00,5.371
2026-09-28 00:15:00+00:00,5.398
2026-09-28 00:30:00+00:00,5.31
2026-09-28 00:45:00+00:00,5.053
2026-09-28 01:00:00+00:00,4.583
2026-09-28 01:15:00+00:00,4.063
2026-09-28 01:30:00+00:00,3.599
2026-09-28 01:45:00+00:00,3.214
2026-09-28 02:00:00+00:00,2.839
2026-09-28 02:15:00+00:00,2.472
2026-09-28 02:30:00+00:00,2.229
2026-09-28 02:45:00+00:00,2.228
2026-09-28 03:00:00+00:00,2.228
2026-09-28 03:15:00+00:00,2.227
2026-09-28 03:30:00+00:00,2.227
2026-09-28 03:45:00+00:00,2.225
2026-09-28 04:00:00+00:00,2.226
2026-09-28 04:15:00+00:00,2.225
2026-09-28 04:30:00+00:00,2.226
2026-09-28 04:45:00+00:00,2.222
2026-09-28 05:00:00+00:00,2.221
2026-09-28 05:15:00+00:00,2.224
2026-09-28 05:30:00+00:00,2.227
2026-09-28 05:45:00+00:00,2.223
2026-09-28 06:00:00+00:00,2.222
2026-09-28 06:15:00+00:00,2.227
2026-09-28 06:30:00+00:00,2.226
2026-09-28 06:45:00+00:00,2.223
2026-09-28 07:00:00+00:00,2.225
2026-09-28 07:15:00+00:00,2.221
2026-09-28 07:30:00+00:00,2.218
2026-09-28 07:45:00+00:00,2.219
2026-09-28 08:00:00+00:00,2.22
2026-09-28 08:15:00+00:00,2.219
2026-09-28 08:30:00+00:00,2.218
2026-09-28 08:45:00+00:00,2.22
2026-09-28 09:00:00+00:00,2.222
2026-09-28 09:15:00+00:00,2.226
2026-09-28 09:30:00+00:00,2.228
2026-09-28 09:45:00+00:00,2.23
2026-09-28 10:00:00+00:00,2.23
2026-09-28 10:15:00+00:00,2.23
2026-09-28 10:30:00+00:00,3.034
2026-09-28 10:45:00+00:00,3.858
2026-09-28 11:00:00+00:00,4.48
2026-09-28 11:15:00+00:00,4.734
2026-09-28 11:30:00+00:00,4.902
2026-09-28 11:45:00+00:00,5.017
2026-09-28 12:00:00+00:00,5.05
2026-09-28 12:15:00+00:00,4.976
2026-09-28 12:30:00+00:00,4.887
2026-09-28 12:45:00+00:00,4.765
2026-09-28 13:00:00+00:00,4.517
2026-09-28 13:15:00+00:00,4.16
2026-09-28 13:30:00+00:00,3.792
2026-09-28 13:45:00+00:00,3.428
2026-09-28 14:00:00+00:00,3.074
2026-09-28 14:15:00+00:00,2.721
2026-09-28 14:30:00+00:00,2.368
2026-09-28 14:45:00+00:00,2.224
2026-09-28 15:00:00+00:00,2.223
2026-09-28 15:15:00+00:00,2.226
2026-09-28 15:30:00+00:00,2.225
2026-09-28 15:45:00+00:00,2.23
2026-09-28 16:00:00+00:00,2.228
2026-09-28 16:15:00+00:00,2.231
2026-09-28 16:30:00+00:00,2.229
2026-09-28 16:45:00+00:00,2.228
2026-09-28 17:00:00+00:00,2.227
2026-09-28 17:15:00+00:00,2.23
2026-09-28 17:30:00+00:00,2.227
2026-09-28 17:45:00+00:00,2.228
2026-09-28 18:00:00+00:00,2.235
2026-09-28 18:15:00+00:00,2.228
2026-09-28 18:30:00+00:00,2.222
2026-09-28 18:45:00+00:00,2.224
2026-09-28 19:00:00+00:00,2.226
2026-09-28 19:15:00+00:00,2.225
2026-09-28 19:30:00+00:00,2.227
2026-09-28 19:45:00+00:00,2.227
2026-09-28 20:00:00+00:00,2.227
2026-09-28 20:15:00+00:00,2.228
2026-09-28 20:30:00+00:00,2.227
2026-09-28 20:45:00+00:00,2.224
2026-09-28 21:00:00+00:00,2.225
2026-09-28 21:15:00+00:00,2.227
2026-09-28 21:30:00+00:00,2.228
2026-09-28 21:45:00+00:00,2.226
2026-09-28 22:00:00+00:00,2.226
2026-09-28 22:15:00+00:00,2.225
2026-09-28 22:30:00+00:00,2.228
2026-09-28 22:45:00+00:00,3.392
2026-09-28 23:00:00+00:00,4.158
2026-09-28 23:15:00+00:00,4.786
2026-09-28 23:30:00+00:00,4.997
2026-09-28 23:45:00+00:00,5.152
2026-09-29 00:00:00+00:00,5.252
2026-09-29 00:15:00+00:00,5.289
2026-09-29 00:30:00+00:00,5.311
2026-09-29 00:45:00+00:00,5.328
2026-09-29 01:00:00+00:00,5.271
2026-09-29 01:15:00+00:00,5.071
2026-09-29 01:30:00+00:00,4.669
2026-09-29 01:45:00+00:00,4.165
2026-09-29 02:00:00+00:00,3.704
2026-09-29 02:15:00+00:00,3.299
2026-09-29 02:30:00+00:00,2.926
2026-09-29 02:45:00+00:00,2.56
2026-09-29 03:00:00+00:00,2.229
2026-09-29 03:15:00+00:00,2.229
2026-09-29 03:30:00+00:00,2.227
2026-09-29 03:45:00+00:00,2.229
2026-09-29 04:00:00+00:00,2.228
2026-09-29 04:15:00+00:00,2.228
2026-09-29 04:30:00+00:00,2.227
2026-09-29 04:45:00+00:00,2.23
2026-09-29 05:00:00+00:00,2.229
2026-09-29 05:15:00+00:00,2.23
2026-09-29 05:30:00+00:00,2.234
2026-09-29 05:45:00+00:00,2.23
2026-09-29 06:00:00+00:00,2.23
2026-09-29 06:15:00+00:00,2.231
2026-09-29 06:30:00+00:00,2.228
2026-09-29 06:45:00+00:00,2.229
2026-09-29 07:00:00+00:00,2.228
2026-09-29 07:15:00+00:00,2.229
2026-09-29 07:30:00+00:00,2.228
2026-09-29 07:45:00+00:00,2.23
2026-09-29 08:00:00+00:00,2.227
2026-09-29 08:15:00+00:00,2.227
2026-09-29 08:30:00+00:00,2.227
2026-09-29 08:45:00+00:00,2.229
2026-09-29 09:00:00+00:00,2.23
2026-09-29 09:15:00+00:00,2.233
2026-09-29 09:30:00+00:00,2.228
2026-09-29 09:45:00+00:00,2.23
2026-09-29 10:00:00+00:00,2.229
2026-09-29 10:15:00+00:00,2.229
2026-09-29 10:30:00+00:00,2.226
2026-09-29 10:45:00+00:00,2.228
2026-09-29 11:00:00+00:00,2.302
2026-09-29 11:15:00+00:00,3.376
2026-09-29 11:30:00+00:00,4.013
2026-09-29 11:45:00+00:00,4.561
2026-09-29 12:00:00+00:00,4.81
2026-09-29 12:15:00+00:00,4.985
2026-09-29 12:30:00+00:00,5.011
2026-09-29 12:45:00+00:00,4.957
2026-09-29 13:00:00+00:00,4.848
2026-09-29 13:15:00+00:00,4.717
2026-09-29 13:30:00+00:00,4.545
2026-09-29 13:45:00+00:00,4.28
2026-09-29 14:00:00+00:00,3.964
2026-09-29 14:15:00+00:00,3.609
2026-09-29 14:30:00+00:00,3.23
2026-09-29 14:45:00+00:00,2.861
2026-09-29 15:00:00+00:00,2.518
2026-09-29 15:15:00+00:00,2.227
2026-09-29 15:30:00+00:00,2.231
2026-09-29 15:45:00+00:00,2.224
2026-09-29 16:00:00+00:00,2.23
2026-09-29 16:15:00+00:00,2.228
2026-09-29 16:30:00+00:00,2.226
2026-09-29 16:45:00+00:00,2.226
2026-09-29 17:00:00+00:00,2.225
2026-09-29 17:15:00+00:00,2.226
2026-09-29 17:30:00+00:00,2.228
2026-09-29 17:45:00+00:00,2.228
2026-09-29 18:00:00+00:00,2.225
2026-09-29 18:15:00+00:00,2.228
2026-09-29 18:30:00+00:00,2.227
2026-09-29 18:45:00+00:00,2.224
2026-09-29 19:00:00+00:00,2.227
2026-09-29 19:15:00+00:00,2.226
2026-09-29 19:30:00+00:00,2.23
2026-09-29 19:45:00+00:00,2.226
2026-09-29 20:00:00+00:00,2.231
2026-09-29 20:15:00+00:00,2.225
2026-09-29 20:30:00+00:00,2.227
2026-09-29 20:45:00+00:00,2.227
2026-09-29 21:00:00+00:00,2.227
2026-09-29 21:15:00+00:00,2.23
2026-09-29 21:30:00+00:00,2.23
2026-09-29 21:45:00+00:00,2.229
2026-09-29 22:00:00+00:00,2.228
2026-09-29 22:15:00+00:00,2.229
2026-09-29 22:30:00+00:00,2.229
2026-09-29 22:45:00+00:00,2.23
2026-09-29 23:00:00+00:00,2.478
2026-09-29 23:15:00+00:00,3.61
2026-09-29 23:30:00+00:00,4.376
2026-09-29 23:45:00+00:00,4.911
2026-09-30 00:00:00+00:00,5.091
2026-09-30 00:15:00+00:00,5.21
2026-09-30 00:30:00+00:00,5.315
2026-09-30 00:45:00+00:00,5.409
2026-09-30 01:00:00+00:00,5.464
2026-09-30 01:15:00+00:00,5.492
2026-09-30 01:30:00+00:00,5.468
2026-09-30 01:45:00+00:00,5.322
2026-09-30 02:00:00+00:00,4.943
2026-09-30 02:15:00+00:00,4.43
2026-09-30 02:30:00+00:00,3.937
2026-09-30 02:45:00+00:00,3.536
2026-09-30 03:00:00+00:00,3.187
2026-09-30 03:15:00+00:00,2.855
2026-09-30 03:30:00+00:00,2.542
2026-09-30 03:45:00+00:00,2.237
2026-09-30 04:00:00+00:00,2.231
2026-09-30 04:15:00+00:00,2.232
2026-09-30 04:30:00+00:00,2.226
2026-09-30 04:45:00+00:00,2.229
2026-09-30 05:00:00+00:00,2.23
2026-09-30 05:15:00+00:00,2.227
2026-09-30 05:30:00+00:00,2.224
2026-09-30 05:45:00+00:00,2.228
2026-09-30 06:00:00+00:00,2.225
2026-09-30 06:15:00+00:00,2.226
2026-09-30 06:30:00+00:00,2.228
2026-09-30 06:45:00+00:00,2.225
2026-09-30 07:00:00+00:00,2.228
2026-09-30 07:15:00+00:00,2.227
2026-09-30 07:30:00+00:00,2.227
2026-09-30 07:45:00+00:00,2.229
2026-09-30 08:00:00+00:00,2.23
2026-09-30 08:15:00+00:00,2.231
2026-09-30 08:30:00+00:00,2.229
2026-09-30 08:45:00+00:00,2.229
2026-09-30 09:00:00+00:00,2.228
2026-09-30 09:15:00+00:00,2.231
2026-09-30 09:30:00+00:00,2.23
2026-09-30 09:45:00+00:00,2.229
2026-09-30 10:00:00+00:00,2.228
2026-09-30 10:15:00+00:00,2.227
2026-09-30 10:30:00+00:00,2.23
2026-09-30 10:45:00+00:00,2.229
2026-09-30 11:00:00+00:00,2.229
2026-09-30 11:15:00+00:00,2.227
2026-09-30 11:30:00+00:00,2.729
2026-09-30 11:45:00+00:00,3.692
2026-09-30 12:00:00+00:00,4.408
2026-09-30 12:15:00+00:00,4.826
2026-09-30 12:30:00+00:00,5.027
2026-09-30 12:45:00+00:00,5.13
2026-09-30 13:00:00+00:00,5.204
2026-09-30 13:15:00+00:00,5.217
2026-09-30 13:30:00+00:00,5.205
2026-09-30 13:45:00+00:00,5.15
2026-09-30 14:00:00+00:00,5.013
2026-09-30 14:15:00+00:00,4.77
2026-09-30 14:30:00+00:00,4.387
2026-09-30 14:45:00+00:00,3.938
2026-09-30 15:00:00+00:00,3.541
2026-09-30 15:15:00+00:00,3.206
2026-09-30 15:30:00+00:00,2.874
2026-09-30 15:45:00+00:00,2.535
2026-09-30 16:00:00+00:00,2.225
2026-09-30 16:15:00+00:00,2.23
2026-09-30 16:30:00+00:00,2.229
2026-09-30 16:45:00+00:00,2.23
2026-09-30 17:00:00+00:00,2.226
2026-09-30 17:15:00+00:00,2.227
2026-09-30 17:30:00+00:00,2.222
2026-09-30 17:45:00+00:00,2.229
2026-09-30 18:00:00+00:00,2.226
2026-09-30 18:15:00+00:00,2.234
2026-09-30 18:30:00+00:00,2.23
2026-09-30 18:45:00+00:00,2.231
2026-09-30 19:00:00+00:00,2.231
2026-09-30 19:15:00+00:00,2.232
2026-09-30 19:30:00+00:00,2.229
2026-09-30 19:45:00+00:00,2.23
2026-09-30 20:00:00+00:00,2.231
2026-09-30 20:15:00+00:00,2.231
2026-09-30 20:45:00+00:00,2.231
2026-09-30 21:00:00+00:00,2.229
2026-09-30 21:15:00+00:00,2.227
2026-09-30 21:30:00+00:00,2.228
2026-09-30 21:45:00+00:00,2.23
2026-09-30 22:00:00+00:00,2.228
2026-09-30 22:15:00+00:00,2.229
2026-09-30 22:30:00+00:00,2.231
2026-09-30 22:45:00+00:00,2.23
2026-09-30 23:00:00+00:00,2.232
2026-09-30 23:15:00+00:00,2.228
2026-09-30 23:30:00+00:00,2.228
2026-09-30 23:45:00+00:00,2.228
2026-10-01 00:00:00+00:00,2.82
2026-10-01 00:15:00+00:00,3.634
2026-10-01 00:30:00+00:00,4.233
2026-10-01 00:45:00+00:00,4.582
2026-10-01 01:00:00+00:00,4.784
2026-10-01 01:15:00+00:00,4.911
2026-10-01 01:30:00+00:00,4.966
2026-10-01 01:45:00+00:00,4.895
2026-10-01 02:00:00+00:00,4.776
2026-10-01 02:15:00+00:00,4.637
2026-10-01 02:30:00+00:00,4.437
2026-10-01 02:45:00+00:00,4.166
2026-10-01 03:00:00+00:00,3.867
2026-10-01 03:15:00+00:00,3.549
2026-10-01 03:30:00+00:00,3.214
2026-10-01 03:45:00+00:00,2.865
2026-10-01 04:00:00+00:00,2.517
2026-10-01 04:15:00+00:00,2.231
2026-10-01 04:30:00+00:00,2.228
2026-10-01 04:45:00+00:00,2.226
2026-10-01 05:00:00+00:00,2.227
2026-10-01 05:15:00+00:00,2.229
2026-10-01 05:30:00+00:00,2.228
2026-10-01 05:45:00+00:00,2.231
2026-10-01 06:00:00+00:00,2.228
2026-10-01 06:15:00+00:00,2.222
2026-10-01 06:30:00+00:00,2.23
2026-10-01 06:45:00+00:00,2.225
2026-10-01 07:00:00+00:00,2.224
2026-10-01 07:15:00+00:00,2.224
2026-10-01 07:30:00+00:00,2.227
2026-10-01 07:45:00+00:00,2.226
2026-10-01 08:00:00+00:00,2.226
2026-10-01 08:15:00+00:00,2.224
2026-10-01 08:30:00+00:00,2.225
2026-10-01 08:45:00+00:00,2.222
2026-10-01 09:00:00+00:00,2.222
2026-10-01 09:15:00+00:00,2.22
2026-10-01 09:30:00+00:00,2.223
2026-10-01 09:45:00+00:00,2.221
2026-10-01 10:00:00+00:00,2.218
2026-10-01 10:15:00+00:00,2.217
2026-10-01 10:30:00+00:00,2.215
2026-10-01 10:45:00+00:00,2.216
2026-10-01 11:00:00+00:00,2.217
2026-10-01 11:15:00+00:00,2.217
2026-10-01 11:30:00+00:00,2.217
2026-10-01 11:45:00+00:00,2.215
2026-10-01 12:00:00+00:00,2.216
2026-10-01 12:15:00+00:00,2.213
2026-10-01 12:30:00+00:00,3.012
2026-10-01 12:45:00+00:00,3.587
2026-10-01 13:00:00+00:00,4.08
2026-10-01 13:15:00+00:00,4.32
2026-10-01 13:30:00+00:00,4.492
2026-10-01 13:45:00+00:00,4.587
2026-10-01 14:00:00+00:00,4.603
2026-10-01 14:15:00+00:00,4.451
2026-10-01 14:30:00+00:00,4.228
2026-10-01 14:45:00+00:00,4.01
2026-10-01 15:00:00+00:00,3.802
2026-10-01 15:15:00+00:00,3.589
2026-10-01 15:30:00+00:00,3.357
2026-10-01 15:45:00+00:00,3.078
2026-10-01 16:00:00+00:00,2.757
2026-10-01 16:15:00+00:00,2.452
2026-10-01 16:30:00+00:00,2.231
2026-10-01 16:45:00+00:00,2.229
2026-10-01 17:00:00+00:00,2.231
2026-10-01 17:15:00+00:00,2.231
2026-10-01 17:30:00+00:00,2.228
2026-10-01 17:45:00+00:00,2.23
2026-10-01 18:00:00+00:00,2.228
2026-10-01 18:15:00+00:00,2.231
2026-10-01 18:30:00+00:00,2.228
2026-10-01 18:45:00+00:00,2.23
2026-10-01 19:00:00+00:00,2.231
2026-10-01 19:15:00+00:00,2.23
2026-10-01 19:30:00+00:00,2.229
2026-10-01 19:45:00+00:00,2.226
2026-10-01 20:00:00+00:00,2.226
2026-10-01 20:15:00+00:00,2.226
2026-10-01 20:30:00+00:00,2.23
2026-10-01 20:45:00+00:00,2.225
2026-10-01 21:00:00+00:00,2.227
2026-10-01 21:15:00+00:00,2.229
2026-10-01 21:30:00+00:00,2.227
2026-10-01 21:45:00+00:00,2.227
2026-10-01 22:00:00+00:00,2.227
2026-10-01 22:15:00+00:00,2.228
2026-10-01 22:30:00+00:00,2.227
2026-10-01 22:45:00+00:00,2.228
2026-10-01 23:00:00+00:00,2.227
2026-10-01 23:15:00+00:00,2.227
2026-10-01 23:30:00+00:00,2.226
2026-10-01 23:45:00+00:00,2.231
2026-10-02 00:00:00+00:00,2.224
2026-10-02 00:15:00+00:00,2.228
2026-10-02 00:30:00+00:00,2.227
2026-10-02 00:45:00+00:00,2.227
2026-10-02 01:00:00+00:00,2.897
2026-10-02 01:15:00+00:00,3.455
2026-10-02 01:30:00+00:00,3.899
2026-10-02 01:45:00+00:00,4.153
2026-10-02 02:00:00+00:00,4.347
2026-10-02 02:15:00+00:00,4.441
2026-10-02 02:30:00+00:00,4.415
2026-10-02 02:45:00+00:00,4.235
2026-10-02 03:00:00+00:00,4.016
2026-10-02 03:15:00+00:00,3.813
2026-10-02 03:30:00+00:00,3.621
2026-10-02 03:45:00+00:00,3.423
2026-10-02 04:00:00+00:00,3.191
2026-10-02 04:15:00+00:00,2.941
2026-10-02 04:30:00+00:00,2.656
2026-10-02 04:45:00+00:00,2.358
2026-10-02 05:00:00+00:00,2.23
2026-10-02 05:15:00+00:00,2.226
2026-10-02 05:30:00+00:00,2.227
2026-10-02 05:45:00+00:00,2.225
2026-10-02 06:00:00+00:00,2.229
2026-10-02 06:15:00+00:00,2.231
2026-10-02 06:30:00+00:00,2.233
2026-10-02 06:45:00+00:00,2.236
2026-10-02 07:00:00+00:00,2.232
2026-10-02 07:15:00+00:00,2.238
2026-10-02 07:30:00+00:00,2.233
2026-10-02 07:45:00+00:00,2.233
2026-10-02 08:00:00+00:00,2.234
2026-10-02 08:15:00+00:00,2.235
2026-10-02 08:30:00+00:00,2.234
2026-10-02 08:45:00+00:00,2.236
2026-10-02 09:00:00+00:00,2.23
2026-10-02 09:15:00+00:00,2.23
2026-10-02 09:30:00+00:00,2.235
2026-10-02 09:45:00+00:00,2.224
2026-10-02 10:00:00+00:00,2.233
2026-10-02 10:15:00+00:00,2.229
2026-10-02 10:30:00+00:00,2.234
2026-10-02 10:45:00+00:00,2.231
2026-10-02 11:00:00+00:00,2.23
2026-10-02 11:15:00+00:00,2.23
2026-10-02 11:30:00+00:00,2.233
2026-10-02 11:45:00+00:00,2.231
2026-10-02 12:00:00+00:00,2.233
2026-10-02 12:15:00+00:00,2.229
2026-10-02 12:30:00+00:00,2.23
2026-10-02 12:45:00+00:00,2.228
2026-10-02 13:00:00+00:00,2.23
2026-10-02 13:15:00+00:00,2.492
2026-10-02 13:30:00+00:00,3.122
2026-10-02 13:45:00+00:00,3.519
2026-10-02 14:00:00+00:00,3.886
2026-10-02 14:15:00+00:00,4.098
2026-10-02 14:30:00+00:00,4.185
2026-10-02 14:45:00+00:00,4.154
2026-10-02 15:00:00+00:00,4.018
2026-10-02 15:15:00+00:00,3.823
2026-10-02 15:30:00+00:00,3.641
2026-10-02 15:45:00+00:00,3.498
2026-10-02 16:00:00+00:00,3.393
2026-10-02 16:15:00+00:00,3.216
2026-10-02 16:30:00+00:00,2.979
2026-10-02 16:45:00+00:00,2.688
2026-10-02 17:00:00+00:00,2.437
2026-10-02 17:15:00+00:00,2.226
2026-10-02 17:30:00+00:00,2.227
